issue_id,lead_time_hours
1,1.1833333333333333
2,2.2
3,29.6
4,29.116666666666667
