issue_id,lead_time_hours
1,1.1833333333333333
2,2.2
3,29.6
4,29.116666666666667
5,29.083333333333332
6,25.783333333333335
8,24.75
